SiteName,Laboratory ID,Age,SD,Material ,CalCurve,CorrectSiteDesignation,Context,Mulrooney_Class,Notes,Reference
Ahu Nau Nau plaza ,AA-27343 ,371,50,Algal nodule ,marine20,Anakena,Ceremonial,1c,_,Mulrooney 2013
Ahu Nau Nau plaza ,AA-27344 ,423,60,Algal nodule ,marine20,Anakena,Ceremonial,1c,_,Mulrooney 2013
Ahu Nau Nau plaza ,AA-27346 ,430,40,Algal nodule ,marine20,Anakena,Ceremonial,1c,_,Mulrooney 2013
Ahu Nau Nau plaza ,AA-27345 ,555,45,Algal nodule ,marine20,Anakena,Ceremonial,1c,_,Mulrooney 2013
Ahu Akahanga,UCIAMS-105150,225,15,Colagen human tooth,Bone,Akahanga,Burial,1b,_,Commendador et al. 2014
Ahu Akahanga,UCIAMS-105153,235,15,Colagen human tooth,Bone,Akahanga,Burial,1b,_,Commendador et al. 2014
Ahu Akahanga,UCIAMS-105159,295,15,Colagen human tooth,Bone,Akahanga,Burial,1b,_,Commendador et al. 2014
Ahu Kihi Kihi Rau Mea,UCIAMS-105151,175,15,Colagen human tooth,Bone,Kihi Kihi Rau Mea,Burial,1b,_,Commendador et al. 2014
Ahu Kihi Kihi Rau Mea,UCIAMS-105154,155,15,Colagen human tooth,Bone,Kihi Kihi Rau Mea,Burial,1b,_,Commendador et al. 2014
Ahu Kihi Kihi Rau Mea,UCIAMS-105149,150,15,Colagen human tooth,Bone,Kihi Kihi Rau Mea,Burial,1b,_,Commendador et al. 2014
Ahu Kihi Kihi Rau Mea,UCIAMS-105162,195,15,Colagen human tooth,Bone,Kihi Kihi Rau Mea,Burial,1b,_,Commendador et al. 2014
Ahu Mahatua,UCIAMS-105148,185,15,Colagen human tooth,Bone,Mahatua,Burial,1b,_,Commendador et al. 2014
Ahu Nau Nau,UCIAMS-105152,160,25,Colagen human tooth,Bone,Anakena,Burial,1b,_,Commendador et al. 2014
Ahu Nau Nau,UCIAMS-105158,605,15,Colagen human tooth,Bone,Anakena,Burial,1b,_,Commendador et al. 2014
Ahu Nau Nau,UCIAMS-105163,400,15,Colagen human tooth,Bone,Anakena,Burial,1b,_,Commendador et al. 2014
Ahu Nau Nau,UCIAMS-105281,390,45,Colagen human tooth,Bone,Anakena,Burial,1b,_,Commendador et al. 2014
Ahu One Makihi,UCIAMS-105155,235,15,Colagen human tooth,Bone,One Makihi,Burial,1b,_,Commendador et al. 2014
Ahu Tongariki,UCIAMS-105156,295,15,Colagen human tooth,Bone,Tongariki,Burial,1b,_,Commendador et al. 2014
Ahu Tongariki,UCIAMS-105144,440,15,Colagen human tooth,Bone,Tongariki,Burial,1b,_,Commendador et al. 2014
Ahu Tongariki,UCIAMS-105145,550,15,Colagen human tooth,Bone,Tongariki,Burial,1b,_,Commendador et al. 2014
Ahu Tongariki,UCIAMS-105146,270,20,Colagen human tooth,Bone,Tongariki,Burial,1b,_,Commendador et al. 2014
Ahu Tongariki,UCIAMS-105147,345,20,Colagen human tooth,Bone,Tongariki,Burial,1b,_,Commendador et al. 2014
Ahu Tongariki,UCIAMS-105160,195,15,Colagen human tooth,Bone,Tongariki,Burial,1b,_,Commendador et al. 2014
Ahu Tongariki,UCIAMS-105161,645,15,Colagen human tooth,Bone,Tongariki,Burial,1b,_,Commendador et al. 2014
Ahu Tongariki,UCIAMS-105277,370,25,Colagen human tooth,Bone,Tongariki,Burial,1b,_,Commendador et al. 2014
Ahu Tongariki,UCIAMS-105278,125,30,Colagen human tooth,Bone,Tongariki,Burial,1b,_,Commendador et al. 2014
Ahu Tongariki,UCIAMS-105279,175,30,Colagen human tooth,Bone,Tongariki,Burial,1b,_,Commendador et al. 2014
Ahu Tongariki,UCIAMS-105280,310,15,Colagen human tooth,Bone,Tongariki,Burial,1b,_,Commendador et al. 2014
Ahu Tongariki,UCIAMS-105282,465,15,Colagen human tooth,Bone,Tongariki,Burial,1b,_,Commendador et al. 2014
Ana Oroi,UCIAMS-105157,185,15,Colagen human tooth,Bone,Oroi,Burial,1b,_,Commendador et al. 2014
Ahu Ature Huki ,T-7979 ,510,80,Wood charcoal ,shcal20,Anakena,Ceremonial,2a,_,Mulrooney 2013
Ahu Ature Huki ,Ua-1144 ,580,85,Wood charcoal ,shcal20,Anakena,Ceremonial,2b,_,Mulrooney 2013
Ahu Heki´i ,Ua-11700 ,705,45,Carbonized nutshell ,shcal20,Heki'i,Ceremonial,1a,_,Mulrooney 2013
Ahu Heki´i ,Ua-11702 ,465,45,Carbonized nutshell ,shcal20,Heki'i,Ceremonial,1b,_,Mulrooney 2013
Ahu Heki´i ,Ua-11701 ,700,45,Carbonized nutshell ,shcal20,Heki'i,Ceremonial,1b,_,Mulrooney 2013
Ahu Heki´i ,Ua-11703 ,555,50,Carbonized nutshell ,shcal20,Heki'i,Ceremonial,1a,_,Mulrooney 2013
Ahu Motu Toremo Hiva ,KIA-29813 ,610,25,Wood charcoal ,shcal20,Motu Toremo Hiva,Ceremonial,2c,_,Mulrooney 2013
Ahu Motu Toremo Hiva ,KIA-29812 ,630,25,Wood charcoal ,shcal20,Motu Toremo Hiva,Ceremonial,2c,_,Mulrooney 2013
Ahu Motu Toremo Hiva ,KIA-26453 ,675,25,Wood charcoal ,shcal20,Motu Toremo Hiva,Ceremonial,2c,_,Mulrooney 2013
Ahu Motu Toremo Hiva ,KIA-26464 ,700,25,Wood charcoal ,shcal20,Motu Toremo Hiva,Ceremonial,2c,_,Mulrooney 2013
Ahu Motu Toremo Hiva ,KIA-26461 ,630,25,Wood charcoal ,shcal20,Motu Toremo Hiva,Ceremonial,2c,_,Mulrooney 2013
Ahu Motu Toremo Hiva ,KIA-26452 ,675,20,Wood charcoal ,shcal20,Motu Toremo Hiva,Ceremonial,2c,_,Mulrooney 2013
Ahu Motu Toremo Hiva ,KIA-26487 ,240,20,Wood charcoal ,shcal20,Motu Toremo Hiva,Agricultural,2c,_,Mulrooney 2013
Ahu Motu Toremo Hiva ,KIA-29814 ,325,25,Wood charcoal ,shcal20,Motu Toremo Hiva,Agricultural,2c,_,Mulrooney 2013
Ahu Motu Toremo Hiva ,KIA-26483 ,150,20,Wood charcoal ,shcal20,Motu Toremo Hiva,Burial,2a,_,Mulrooney 2013
Ahu Nau Nau I ,Ua-34183 ,535,35,Carbonized nutshell ,shcal20,Anakena,Ceremonial,2c,_,Mulrooney 2013
Ahu Nau Nau I ,T-7342 ,710,70,Wood charcoal ,shcal20,Anakena,Ceremonial,2a,_,Mulrooney 2013
Ahu Nau Nau II ,T-7347 ,720,120,Wood charcoal ,shcal20,Anakena,Ceremonial,2c,_,Mulrooney 2013
Ahu Nau Nau III ,Ua-617 ,610,85,Wood charcoal ,shcal20,Anakena,Ceremonial,2c,_,Mulrooney 2013
Ahu Nau Nau IV? ,T-7348 ,200,80,Wood charcoal ,shcal20,Anakena,Ceremonial,2c,_,Mulrooney 2013
Ahu No. 31-286 ,Ua-11704 ,795,50,Wood charcoal ,shcal20,Heki'i,Ceremonial,2a,_,Mulrooney 2013
Ahu o Rongo ,GrA-18378 ,655,30,Wood charcoal ,shcal20,Rongo,Ceremonial,2c,_,Mulrooney 2013
Ahu o Rongo I ,GrA-18380 ,655,30,Wood charcoal ,shcal20,Rongo,Ceremonial,2b,_,Mulrooney 2013
Ahu o Rongo I ,GrN-26318 ,715,35,Wood charcoal ,shcal20,Rongo,Ceremonial,2b,_,Mulrooney 2013
Ahu o Tuki ,Beta-155733 ,595,65,Carbonized nutshell ,shcal20,Viri o Tuki,Ceremonial,1c,_,Mulrooney 2013
Ahu o Tuki ,Beta-155732 ,610,60,Carbonized nutshell ,shcal20,Viri o Tuki,Ceremonial,1c,_,Mulrooney 2013
Ahu o Tuki ,GrA-25870 ,640,35,Carbonized nutshell ,shcal20,Viri o Tuki,Ceremonial,1a,_,Mulrooney 2013
Ahu Ra´ai ,Ua-13163 ,135,60,Wood charcoal ,shcal20,Ra'ai,Ceremonial,2b,_,Mulrooney 2013
Ahu Ra´ai ,Ua-13164 ,515,60,Wood charcoal ,shcal20,Ra'ai,Ceremonial,2a,_,Mulrooney 2013
Ahu Ra´ai ,Ua-13165 ,570,50,Wood charcoal ,shcal20,Ra'ai,Ceremonial,2b,_,Mulrooney 2013
Ahu Ra´ai ,Ua-13166 ,635,50,Wood charcoal ,shcal20,Ra'ai,Ceremonial,2a,_,Mulrooney 2013
Ahu Ra´ai ,Ua-13167 ,645,50,Wood charcoal ,shcal20,Ra'ai,Ceremonial,2a,_,Mulrooney 2013
Ahu Tautira,Ua-13161 ,220,50,Wood charcoal ,shcal20,Tautira,Ceremonial,2c,_,Mulrooney 2013
Ahu Tautira,Ua-13284 ,475,60,Wood charcoal ,shcal20,Tautira,Ceremonial,2a,_,Mulrooney 2013
Ahu Tautira,Ua-13162 ,720,50,Wood charcoal ,shcal20,Tautira,Ceremonial,2b,_,Mulrooney 2013
Ahu Vai Teka ,M-1372 ,330,100,Wood charcoal ,shcal20,Vai Teka,Ceremonial,2b,_,Mulrooney 2013
Ahu Vai Teka ,I-455 ,340,75,Wood charcoal ,shcal20,Vai Teka,Ceremonial,2a,_,Mulrooney 2013
Ahu Vai Teka ,TBN-348-2 ,399,76,Wood charcoal ,shcal20,Vai Teka,Ceremonial,2a,_,Mulrooney 2013
Ahu Vinapu 1 ,K-523 ,440,100,Wood charcoal ,shcal20,Vinapu,Ceremonial,2c,_,Mulrooney 2013
Ahu Vinapu 1 ,M-709,120,200,Wood charcoal,shcal20,Vinapu,Ceremonial,2b,Not in Lima et al.,Mulrooney 2013
Ahu Vinapu 2 ,Ua-19464 ,605,45,Carbonized nutshell ,shcal20,Vinapu,Ceremonial,1c,_,Mulrooney 2013
Ahu Vinapu 2 ,Ua-19463 ,610,40,Carbonized nutshell ,shcal20,Vinapu,Ceremonial,1c,_,Mulrooney 2013
Ahu Vinapu 2 ,M-710 ,1100,200,Wood charcoal ,shcal20,Vinapu,Ceremonial,2b,_,Mulrooney 2013
Akahanga settlement ,Beta-099353 ,200,50,Wood charcoal ,shcal20,Akahanga,Residential,2b,_,Mulrooney 2013
Akahanga settlement ,Beta-099334 ,320,60,Wood charcoal ,shcal20,Akahanga,Residential,2b,_,Mulrooney 2013
Akahanga settlement ,Beta-099343 ,220,70,Wood charcoal ,shcal20,Akahanga,Residential,2b,_,Mulrooney 2013
Akahanga settlement ,Beta-099351,80,50,Wood charcoal,shcal20,Akahanga,Residential,2b,Not in Lima et al.,Mulrooney 2013
Akahanga settlement ,Beta-099352,10,60,Wood charcoal,shcal20,Akahanga,Residential,2b,Not in Lima et al.,Mulrooney 2013
Akahanga settlement ,Beta-099333 ,340,60,Wood charcoal ,shcal20,Akahanga,Residential,2b,_,Mulrooney 2013
Akahanga settlement ,Beta-099330 ,220,70,Wood charcoal ,shcal20,Akahanga,Residential,2b,_,Mulrooney 2013
Akahanga settlement ,Beta-099354 ,390,110,Wood charcoal ,shcal20,Akahanga,Residential,2b,_,Mulrooney 2013
Ana Kai Tangata ,Beta-38785 ,290,80,Wood charcoal ,shcal20,Ana Kai Tangata,Residential,2c,_,Mulrooney 2013
Anakena 35-8,UGa-630 ,395,75,Wood charcoal ,shcal20,Anakena,Residential,2a,_,Mulrooney 2013
Anakena cultural layer ,Ua-34189 ,565,35,Carbonized nutshell ,shcal20,Anakena,Residential,1c,_,Mulrooney 2013
Anakena cultural layer ,Beta-47172 ,170,110,Wood charcoal ,shcal20,Anakena,Residential,2c,_,Mulrooney 2013
Anakena cultural layer ,T-7977 ,220,80,Wood charcoal ,shcal20,Anakena,Residential,2c,_,Mulrooney 2013
Anakena cultural layer ,T-7958 ,340,100,Wood charcoal ,shcal20,Anakena,Residential,2c,_,Mulrooney 2013
Anakena cultural layer ,T-6680 ,370,90,Wood charcoal ,shcal20,Anakena,Residential,2c,_,Mulrooney 2013
Anakena cultural layer ,T-7959 ,510,40,Wood charcoal ,shcal20,Anakena,Residential,2c,_,Mulrooney 2013
Anakena cultural layer ,T-7974 ,540,60,Wood charcoal ,shcal20,Anakena,Residential,2c,_,Mulrooney 2013
Anakena cultural layer ,T-7349 ,550,150,Wood charcoal ,shcal20,Anakena,Residential,2c,_,Mulrooney 2013
Anakena cultural layer ,T-7344 ,600,140,Wood charcoal ,shcal20,Anakena,Residential,2c,_,Mulrooney 2013
Anakena cultural layer ,Beta-47171 ,660,80,Wood charcoal ,shcal20,Anakena,Residential,2c,_,Mulrooney 2013
Anakena cultural layer ,T-7975 ,710,40,Wood charcoal ,shcal20,Anakena,Residential,2b,_,Mulrooney 2013
Anakena cultural layer ,T-7350 ,710,80,Wood charcoal ,shcal20,Anakena,Residential,2c,_,Mulrooney 2013
Anakena cultural layer ,T-7343 ,750,100,Wood charcoal ,shcal20,Anakena,Residential,2c,_,Mulrooney 2013
Anakena cultural layer ,T-7976 ,789,90,Wood charcoal ,shcal20,Anakena,Residential,2c,_,Mulrooney 2013
Anakena cultural layer ,T-7345 ,810,80,Wood charcoal ,shcal20,Anakena,Residential,2c,_,Mulrooney 2013
Anakena cultural layer ,T-7346 ,810,70,Wood charcoal ,shcal20,Anakena,Residential,2c,_,Mulrooney 2013
Anakena cultural layer ,Beta-47173 ,860,100,Wood charcoal ,shcal20,Anakena,Residential,2c,_,Mulrooney 2013
Anakena cultural layer ,T-7341 ,900,120,Wood charcoal ,shcal20,Anakena,Residential,2c,_,Mulrooney 2013
Anakena cultural layer ,Beta-47169 ,900,80,Wood charcoal ,shcal20,Anakena,Residential,2c,_,Mulrooney 2013
Anakena cultural layer ,Beta-47170 ,900,60,Wood charcoal ,shcal20,Anakena,Residential,2c,_,Mulrooney 2013
Anakena cultural layer ,T-6679 ,1170,140,Wood charcoal ,shcal20,Anakena,Residential,2c,_,Mulrooney 2013
Anakena Pipe Trench,Beta-77744,70,50,Wood charcoal,shcal20,Anakena,Residential,2b,Not in Lima et al.,Mulrooney 2013
Anakena Dune Site ,Beta-196714 ,590,60,Wood charcoal ,shcal20,Anakena,Residential,1c,_,Mulrooney 2013
Anakena Dune Site ,Beta-196711 ,660,40,Wood charcoal ,shcal20,Anakena,Residential,1c,_,Mulrooney 2013
Anakena Dune Site ,Beta-196713 ,670,40,Wood charcoal ,shcal20,Anakena,Residential,1c,_,Mulrooney 2013
Anakena Dune Site ,Beta-196712 ,680,60,Wood charcoal ,shcal20,Anakena,Residential,1c,_,Mulrooney 2013
Anakena Dune Site ,Beta-196715 ,710,40,Wood charcoal ,shcal20,Anakena,Residential,1c,_,Mulrooney 2013
Anakena Dune Site ,Beta-196716 ,720,60,Wood charcoal ,shcal20,Anakena,Residential,1c,_,Mulrooney 2013
Anakena Dune Site ,Beta-209903 ,870,80,Wood charcoal ,shcal20,Anakena,Residential,1c,_,Mulrooney 2013
Anakena Dune Site ,Beta-209904 ,870,40,Wood charcoal ,shcal20,Anakena,Residential,1c,_,Mulrooney 2013
Anakena E2,K-522 ,430,100,Wood charcoal ,shcal20,Anakena,Residential,2b,_,Mulrooney 2013
Anakena pre-Ahu Nau Nau I,Ua-34188 ,665,30,Wood charcoal unidentified,shcal20,Anakena,Residential,2a,_,Mulrooney 2013
Anakena pre-Ahu Nau Nau I,Ua-34186 ,555,35,Wood charcoal unidentified ,shcal20,Anakena,Residential,2a,_,Mulrooney 2013
Anakena settlement ,Ua-34190 ,665,35,Wood charcoal unidentified ,shcal20,Anakena,Residential,2c,_,Mulrooney 2013
Anakena settlement ,Ua-34191 ,565,35,Carbonized nutshell ,shcal20,Anakena,Residential,1c,_,Mulrooney 2013
CS2,Beta-144308 ,740,40,Wood charcoal ,shcal20,CS2,Agricultural,2c,_,Mulrooney 2013
CS2,Beta-144309 ,250,40,Wood charcoal ,shcal20,CS2,Agricultural,2c,_,Mulrooney 2013
CS4,Beta-144306 ,790,80,Wood charcoal ,shcal20,CS4,Agricultural,2c,_,Mulrooney 2013
CS4,Beta-144307 ,840,40,Wood charcoal ,shcal20,CS4,Agricultural,2c,_,Mulrooney 2013
East Poike ,KIA-18838 ,588,22,Wood charcoal ,shcal20,East Poike,Residential,2b,_,Mulrooney 2013
East Poike ,KIA-18837 ,631,22,Wood charcoal ,shcal20,East Poike,Residential,2b,_,Mulrooney 2013
East Poike ,KIA-20383 ,317,20,Carbonized nutshell ,shcal20,East Poike,Residential,1c,_,Mulrooney 2013
East Poike ,SRR-2430 ,820,40,Carbonized nutshell e rat-gnawed ,shcal20,East Poike,Residential,1c,_,Mulrooney 2013
Hanga te Pahu ,CNRS 1111b ,465,85,Carbonized nutshell ,shcal20,Hanga te Pahu ,Residential,1b,_,Mulrooney 2013
Hanga te Pahu ,CNRS 1111a ,640,90,Carbonized nutshell ,shcal20,Hanga te Pahu ,Residential,1b,_,Mulrooney 2013
Maunga Orito,Beta-178860 ,200,50,Wood charcoal ,shcal20,Maunga Orito,Agricultural,2b,_,Mulrooney 2013
Maunga Orito,KIA-17117 ,148,18,Wood charcoal ,shcal20,Maunga Orito,Agricultural,2b,_,Mulrooney 2013
Maunga Orito,KIA-17118,114,21,Wood charcoal ,shcal20,Maunga Orito,Agricultural,2b,Not in Lima et al.,Mulrooney 2013
Maunga Orito,KIA-17116 ,177,18,Wood charcoal ,shcal20,Maunga Orito,Agricultural,2b,_,Mulrooney 2013
Maunga Orito,KIA-25975 ,347,21,Wood charcoal ,shcal20,Maunga Orito,Agricultural,2b,_,Mulrooney 2013
Maunga Orito,Beta-196925 ,450,40,Wood charcoal ,shcal20,Maunga Orito,Agricultural,2b,_,Mulrooney 2013
Maunga Orito,Beta-196926 ,460,40,Wood charcoal ,shcal20,Maunga Orito,Agricultural,2b,_,Mulrooney 2013
Moai Tukuturi ,T-5006 ,180,40,Wood charcoal ,shcal20,Rano Raraku,Ceremonial,2c,_,Mulrooney 2013
Moai Tukuturi ,T-6258 ,230,60,Wood charcoal ,shcal20,Rano Raraku,Ceremonial,2c,_,Mulrooney 2013
Moai Tukuturi ,Beta-13130 ,540,90,Wood charcoal ,shcal20,Rano Raraku,Ceremonial,2c,_,Mulrooney 2013
Moai Tukuturi ,Ua-618 ,1040,90,Wood charcoal ,shcal20,Rano Raraku,Ceremonial,2c,_,Mulrooney 2013
Orongo ,T-193 ,540,70,Wood charcoal ,shcal20,Orongo,Ceremonial,2b,_,Mulrooney 2013
Orongo ,Beta-099336 ,320,70,Wood charcoal ,shcal20,Orongo,Residential,2b,_,Mulrooney 2013
Orongo ,Beta-099342 ,240,60,Wood charcoal ,shcal20,Orongo,Residential,2b,_,Mulrooney 2013
Orongo ,Beta-099356 ,200,50,Wood charcoal ,shcal20,Orongo,Residential,2b,_,Mulrooney 2013
Orongo ,Beta-099347 ,210,50,Wood charcoal ,shcal20,Orongo,Residential,2b,_,Mulrooney 2013
O97 Orongo,Beta-099348,30,80,Wood charcoal,shcal20,Orongo,Residential,2b,Not in Lima et al.,Mulrooney 2013
Orongo ,Beta-099339 ,250,50,Wood charcoal ,shcal20,Orongo,Residential,2b,_,Mulrooney 2013
Orongo ,K-506 ,220,100,Wood charcoal ,shcal20,Orongo,Ceremonial,2c,_,Mulrooney 2013
Orongo ,K-514 ,380,60,Wood charcoal ,shcal20,Orongo,Ceremonial,2c,_,Mulrooney 2013
Orongo ,T-194 ,470,70,Wood charcoal ,shcal20,Orongo,Ceremonial,2b,_,Mulrooney 2013
Orongo ,K-520 ,540,100,Wood charcoal ,shcal20,Orongo,Ceremonial,2a,_,Mulrooney 2013
Orongo ,M-708,100,200,Wood charcoal,shcal20,Orongo,Ceremonial,2c,Not in Lima et al.,Mulrooney 2013
Poike Ditch ,Beta-208937 ,440,60,Wood charcoal e identified ,shcal20,Poike Ditch ,Residential,1c,_,Mulrooney 2013
Poike Ditch ,Beta-208938 ,190,40,Wood charcoal e unidentified ,shcal20,Poike Ditch ,Residential,2c,_,Mulrooney 2013
Poike Ditch ,Beta-47281 ,760,80,Wood charcoal e unidentified ,shcal20,Poike Ditch ,Residential,2c,_,Mulrooney 2013
"Rock Garden 16, Hiva Hiva Lava Flow",Beta-238061 ,300,40,Wood charcoal ,shcal20,Hiva Hiva,Agricultural,2c,_,Mulrooney 2013
"Rock Garden 20, Hiva Hiva Lava Flow",Beta-238062 ,570,40,Wood charcoal ,shcal20,Hiva Hiva,Agricultural,2c,_,Mulrooney 2013
"Rock Garden 22, Hiva Hiva Lava Flow",Beta-237464 ,560,40,Wood charcoal ,shcal20,Hiva Hiva,Agricultural,2c,_,Mulrooney 2013
"Rock Garden 25, Hiva Hiva Lava Flow",Beta-238063 ,210,40,Wood charcoal ,shcal20,Hiva Hiva,Agricultural,2c,_,Mulrooney 2013
Site 1-187 ,WSU-1146 ,1180,230,Wood charcoal e Identified ,shcal20,Site 1-187,Residential,2b,_,Mulrooney 2013
Site 1-187 ,WSU-1147,350,220,Plant material,shcal20,Site 1-187,Residential,2b,Not in Lima et al.,Mulrooney 2013
Site 10-241,Beta-47365 ,380,60,Wood charcoal ,shcal20,Maunga Tari,Residential,2b,_,Mulrooney 2013
Site 10-241,Beta-47366 ,480,60,Wood charcoal ,shcal20,Maunga Tari,Residential,2b,_,Mulrooney 2013
Site 10-241,Beta-47367 ,390,50,Wood charcoal ,shcal20,Maunga Tari,Residential,2b,_,Mulrooney 2013
Site 14-1 ,UGa-631 ,395,60,Wood charcoal ,shcal20,Hanga Tu'u Hata Cave,Residential,2c,_,Mulrooney 2013
Site 15-233,Beta-254389 ,160,40,Wood charcoal e identified ,shcal20,Hiva Hiva,Agricultural,1c,_,Mulrooney 2013
Site 15-233,Beta-254390 ,280,40,Wood charcoal e identified ,shcal20,Hiva Hiva,Agricultural,1c,_,Mulrooney 2013
Site 15-233,Beta-237461 ,150,40,Wood charcoal e unidentified ,shcal20,Hiva Hiva,Agricultural,2c,_,Mulrooney 2013
Site 15-233,Beta-237462 ,670,40,Wood charcoal e unidentified ,shcal20,Hiva Hiva,Agricultural,2c,_,Mulrooney 2013
Site 15-68,Beta-237460 ,440,40,Wood charcoal ,shcal20,Hiva Hiva,Agricultural,2c,_,Mulrooney 2013
Site 15-68,Beta-237459 ,840,40,Wood charcoal ,shcal20,Hiva Hiva,Agricultural,2c,_,Mulrooney 2013
Site 15-90,Beta-237457 ,460,40,Wood charcoal ,shcal20,Hiva Hiva,Agricultural,2c,_,Mulrooney 2013
Site 18-228 ,Beta-47282 ,400,60,Wood charcoal e ,shcal20,Site 18-228 ,Residential,2b,Upland from Runga Va'e,Mulrooney 2013
Site 18-419 ,Beta-47283 ,330,60,Wood charcoal e unidentified ,shcal20,Site 18-419,Residential,2b,_,Mulrooney 2013
Site 18-473G,Beta-199322 ,220,40,Wood charcoal ,shcal20,Site 18-473,Residential,2b,_,Mulrooney 2013
Site 18-473G,Beta-199324 ,1110,40,Wood charcoal ,shcal20,Site 18-473,Agricultural,2b,_,Mulrooney 2013
Site 18-473G,Beta-199323 ,570,50,Twig and grass fragments ,shcal20,Site 18-473,Residential,2b,_,Mulrooney 2013
Site 20-52,Beta-144310 ,780,50,Wood charcoal ,shcal20,Site 20-52,Agricultural,2c,_,Mulrooney 2013
Site 20-52,Beta-144311 ,380,40,Wood charcoal ,shcal20,Site 20-52,Agricultural,2c,_,Mulrooney 2013
"Site 21-568a, Hare Aio ",Beta-47279 ,320,70,Wood charcoal ,shcal20,"Site 21-568a, Hare Aio ",Residential,2c,_,Mulrooney 2013
"Site 21-568a, Hare Aio ",Beta-46110 ,430,70,Wood charcoal ,shcal20,"Site 21-568a, Hare Aio ",Residential,2c,_,Mulrooney 2013
"Site 26-1, Ahu Te Niu (Ahu Ohau) ",AZ-22 ,325,40,Carbonized nutshell ,shcal20,Te Niu,Ceremonial,2c,_,Mulrooney 2013
"Site 26-1, Ahu Te Niu (Ahu Ohau) ",AZ-28 ,555,40,Carbonized nutshell ,shcal20,Te Niu,Ceremonial,1a,_,Mulrooney 2013
"Site 26-1, Ahu Te Niu (Ahu Ohau) ",AZ-14 ,230,60,Wood charcoal ,shcal20,Te Niu,Ceremonial,2c,_,Mulrooney 2013
"Site 26-1, Ahu Te Niu (Ahu Ohau) ",B-95879 ,230,90,Wood charcoal ,shcal20,Te Niu,Ceremonial,2c,_,Mulrooney 2013
"Site 26-1, Ahu Te Niu (Ahu Ohau) ",AZ-8 ,375,45,Wood charcoal ,shcal20,Te Niu,Ceremonial,2b,_,Mulrooney 2013
"Site 26-1, Ahu Te Niu (Ahu Ohau) ",AZ-13 ,535,50,Wood charcoal ,shcal20,Te Niu,Ceremonial,2a,_,Mulrooney 2013
"Site 26-1, Ahu Te Niu (Ahu Ohau) ",AZ-24 ,535,40,Wood charcoal ,shcal20,Te Niu,Ceremonial,2c,_,Mulrooney 2013
"Site 26-1, Ahu Te Niu (Ahu Ohau) ",B-106319 ,570,50,Wood charcoal ,shcal20,Te Niu,Ceremonial,2a,_,Mulrooney 2013
"Site 26-6, Te Niu ",B-106320,90,60,Wood charcoal,shcal20,Te Niu,Residential,2c,Not in Lima et al.,Mulrooney 2013
"Site 26-1, Ahu Te Niu (Ahu Ohau) ",AZ-25 ,650,40,Wood charcoal ,shcal20,Te Niu,Ceremonial,2c,_,Mulrooney 2013
"Site 26-1, Ahu Te Niu (Ahu Ohau) ",AZ-23 ,685,50,Wood charcoal ,shcal20,Te Niu,Ceremonial,2c,_,Mulrooney 2013
"Site 26-1, Ahu Te Niu (Ahu Ohau) ",B-95878 ,700,90,Wood charcoal ,shcal20,Te Niu,Ceremonial,2b,_,Mulrooney 2013
"Site 26-22, Te Niu ",AZ-2 ,605,40,Wood charcoal ,shcal20,Te Niu,Agricultural,2c,_,Mulrooney 2013
"Site 26-22, Te Niu ",AZ-3 ,385,40,Wood charcoal ,shcal20,Te Niu,Agricultural,2c,_,Mulrooney 2013
"Site 26-36, Te Niu ",AZ-4 ,210,60,Wood charcoal ,shcal20,Te Niu,Agricultural,2c,_,Mulrooney 2013
"Site 26-50, Te Niu ",B-95880 ,550,110,Wood charcoal ,shcal20,Te Niu,Residential,2c,_,Mulrooney 2013
"Site 26-6, Te Niu ",AZ-9 ,230,45,Wood charcoal ,shcal20,Te Niu,Residential,2c,_,Mulrooney 2013
"Site 26-5, Te Niu",AZ-10,105,40,Wood charcoal,shcal20,Te Niu,Residential,2c,Not in Lima et al.,Mulrooney 2013
"Site 26-6, Te Niu ",AZ-7 ,680,45,Wood charcoal ,shcal20,Te Niu,Residential,2c,_,Mulrooney 2013
"Site 26-7b, Te Niu ",AZ-1 ,435,40,Wood charcoal ,shcal20,Te Niu,Agricultural,2c,_,Mulrooney 2013
"Site 26-I0, Te Niu ",AZ-5 ,715,70,Wood charcoal ,shcal20,Te Niu,Agricultural,2c,_,Mulrooney 2013
"Site 26-T0, Te Niu ",AZ-6 ,415,70,Wood charcoal ,shcal20,Te Niu,Agricultural,2c,_,Mulrooney 2013
"Site 26F, Te Niu ",AZ-27 ,545,40,Wood charcoal ,shcal20,Te Niu,Agricultural,2c,_,Mulrooney 2013
Site 31-90,Beta-099355 ,150,50,Wood charcoal ,shcal20,Site 31-90,Residential,2b,_,Mulrooney 2013
Site 31-90,Beta-099357,60,50,Wood charcoal ,shcal20,Site 31-90,Residential,2b,Not in Lima et al.,Mulrooney 2013
Site 31-90,Beta-099344,80,70,Wood charcoal,shcal20,Site 31-90,Residential,2b,Not in Lima et al.,Mulrooney 2013
Site 31-90,Beta-099346 ,160,50,Wood charcoal ,shcal20,Site 31-90,Residential,2b,_,Mulrooney 2013
Site 31-90,Beta-099349,60,50,Wood charcoal ,shcal20,Site 31-90,Residential,2b,Not in Lima et al.,Mulrooney 2013
Site 31-90,Beta-099350,10,70,Wood charcoal ,shcal20,Site 31-90,Residential,2b,Not in Lima et al.,Mulrooney 2013
Site 31-90,Beta-099345 ,610,80,Wood charcoal ,shcal20,Site 31-90,Residential,2b,_,Mulrooney 2013
Site 31-90,Beta-91771 ,420,80,Burnt grass ,shcal20,Site 31-98,Residential,1b,"Site incorrect in Lima, should be class 1",Mulrooney 2013
Site 31-98,Beta-91772 ,130,40,Wood charcoal? ,shcal20,Site 31-98,Residential,2b,_,Mulrooney 2013
Site 31-98,Beta-91773,70,40,Wood charcoal,shcal20,Site 31-98,Residential,2b,Not in Lima et al.,Mulrooney 2013
Site 31-98,Beta-91774 ,130,60,Wood charcoal ,shcal20,Site 31-98,Residential,2b,_,Mulrooney 2013
Site 31-98,Beta-91775 ,240,40,Wood charcoal ,shcal20,Site 31-98,Residential,2b,_,Mulrooney 2013
Site 32-200c ,Gd-6963 ,150,90,Organic material ,shcal20,Site 32,Agricultural,2b,_,Mulrooney 2013
Site 32-200c ,Gd-6965,120,100,Organic material ,shcal20,Site 32,Agricultural,2b,Not in Lima et al.,Mulrooney 2013
Site 32-14,Beta-46103,100,70,Wood charcoal,shcal20,Site 32,Burial,2b,Not in Lima et al.,Mulrooney 2013
"Site F, umu near Ahu Heu",Beta-210552,100,40,Wood charcoal,shcal20,Ahu Heu,Residential,2b,Not in Lima et al.,Mulrooney 2013
Site 35-11 ,Beta-28753 ,280,60,Wood charcoal ,shcal20,Site 35-11,Residential,2b,_,Mulrooney 2013
"Site 7-1, Akahanga cave ",I-7517 ,220,80,Wood charcoal ,shcal20,Akahanga,Residential,2b,_,Mulrooney 2013
"Site 7-1, Runga Vae cave ",I-7515 ,190,80,Wood charcoal ,shcal20,Runga Vae,Residential,2c,_,Mulrooney 2013
Site 7-553 ,Beta-50136 ,270,60,Wood charcoal Unidentified ,shcal20,Akahanga,Residential,2b,_,Mulrooney 2013
Site 7-553 ,Beta-50138 ,440,60,Wood charcoal Unidentified ,shcal20,Akahanga,Residential,2b,_,Mulrooney 2013
Site 8-85 ,SI-5460 ,580,60,Wood charcoal  identified ,shcal20,Tahai,Residential,1a,_,Mulrooney 2013
"Site B, Inside a hare paenga near ahu ",Beta-210553 ,640,40,Wood charcoal ,shcal20,South Poike,Residential,2c,_,Mulrooney 2013
"Site C, Hare umu, Ahu Te Pa Haha Tea",Beta-210555 ,210,40,Wood charcoal ,shcal20,Ahu Te Pa Haha Tea,Residential,2b,_,Mulrooney 2013
"Site D, Ahu OPepe, inside corner of an L-shaped wall ",Beta-210554 ,200,40,Wood charcoal ,shcal20,Ahu O'Pepe,Residential,2c,_,Mulrooney 2013
ST 12,Wk-24284 ,214,30,Wood charcoal e identified ,shcal20,Lowland plain Hanga Ho'onu,Residential,1c,_,Mulrooney 2013
ST 14,Wk-27377 ,407,30,Wood charcoal e identified ,shcal20,Far interior Hanga Ho'onu,Residential,1c,_,Mulrooney 2013
ST 16,Wk-24285 ,314,30,Wood charcoal e identified ,shcal20,Far interior Hanga Ho'onu,Residential,1c,_,Mulrooney 2013
ST 21,Wk-27378 ,172,30,Wood charcoal e identified ,shcal20,Far interior Hanga Ho'onu,Residential,1c,_,Mulrooney 2013
ST 22,Wk-24286 ,157,28,Wood charcoal identified ,shcal20,Interior uplands Hanga Ho'onu,Residential,1c,_,Mulrooney 2013
ST 22,Wk-24287,90,30,Wood charcoal identified ,shcal20,Interior uplands Hanga Ho'onu,Residential,1c,Not in Lima et al.,Mulrooney 2013
ST 3,Wk-27374,110,30,Wood charcoal identified ,shcal20,Lowland plain Hanga Ho'onu,Residential,1c,Not in Lima et al.,Mulrooney 2013
ST 3,Wk-27375 ,352,30,Wood charcoal e identified ,shcal20,Lowland plain Hanga Ho'onu,Residential,1c,_,Mulrooney 2013
ST 39,Wk-27379 ,133,30,Wood charcoal identified ,shcal20,SH-3-274a,Residential,1c,_,Mulrooney 2013
ST 43,Wk-27380 ,131,30,Wood charcoal e identified ,shcal20,Interior uplands Hanga Ho'onu,Residential,1c,_,Mulrooney 2013
ST 43,Wk-27381 ,426,30,Wood charcoal e identified ,shcal20,Interior uplands Hanga Ho'onu,Residential,1c,_,Mulrooney 2013
ST 46,Wk-27383 ,212,30,Wood charcoal e identified ,shcal20,Heki'i,Residential,1c,_,Mulrooney 2013
ST 46,Wk-27382 ,243,30,Wood charcoal e identified ,shcal20,Heki'i,Residential,1c,_,Mulrooney 2013
ST 48,Wk-27384 ,269,30,Wood charcoal e identified ,shcal20,ST 48,Residential,1c,_,Mulrooney 2013
ST 6,Wk-27376 ,146,30,Wood charcoal e identified ,shcal20,ST 6,Residential,1c,_,Mulrooney 2013
Statue No. 478 ,Ua-1145 ,180,110,Wood charcoal ,shcal20,Rano Raraku,Ceremonial,2c,_,Mulrooney 2013
Statue Quarry ,K-507 ,480,100,Wood charcoal ,shcal20,Rano Raraku,Ceremonial,2c,_,Mulrooney 2013
Statue 280,K-508,110,100,Wood charcoal ,shcal20,Rano Raraku,Ceremonial,2b,Not in Lima et al.,Mulrooney 2013
Statue Quarry ,Ua-14189 ,550,70,Wood charcoal ,shcal20,Rano Raraku,Ceremonial,2c,_,Mulrooney 2013
SW Poike ,KIA-19369 ,525,26,Burnt grass ,shcal20,SW Poike,Agricultural,2c,_,Mulrooney 2013
SW Poike ,KIA-18834 ,319,21,Wood charcoal ,shcal20,SW Poike,Agricultural,2c,_,Mulrooney 2013
SW Poike ,KIA-18833 ,482,26,Wood charcoal ,shcal20,SW Poike,Agricultural,2c,_,Mulrooney 2013
SW Poike ,KIA-18832 ,570,22,Wood charcoal ,shcal20,SW Poike,Agricultural,2c,_,Mulrooney 2013
SW Poike ,KIA-17110 ,654,22,Wood charcoal ,shcal20,SW Poike,Agricultural,2c,_,Mulrooney 2013
SW Poike ,KIA-18841 ,297,21,Wood charcoal ,shcal20,SW Poike,Residential,2b,_,Mulrooney 2013
SW Poike ,KIA-18842 ,298,48,Wood charcoal ,shcal20,SW Poike,Agricultural,2b,_,Mulrooney 2013
SW Poike ,KIA-18839 ,561,26,Wood charcoal ,shcal20,SW Poike,Agricultural,2b,_,Mulrooney 2013
"T 01, Stone-lined basin ",Erl-13249 ,307,39,Carbonized nutshell ,shcal20,Ava Ranga Uka o Toreke Hau,Agricultural,1a,mulrooney classifies these as 'water',Mulrooney 2013
"T 01, Stone-lined basin ",Erl-13248 ,360,39,Carbonized nutshell ,shcal20,Ava Ranga Uka o Toreke Hau,Agricultural,1a,mulrooney classifies these as 'water',Mulrooney 2013
"T 01, Stone-lined basin ",Erl-13247 ,384,40,Soil with organic remains ,shcal20,Ava Ranga Uka o Toreke Hau,Agricultural,1c,mulrooney classifies these as 'water',Mulrooney 2013
"T 01, Stone-lined basin ",Erl-13250 ,349,40,Wood charcoal ,shcal20,Ava Ranga Uka o Toreke Hau,Agricultural,2c,mulrooney classifies these as 'water',Mulrooney 2013
Te Niu ,AZ-26 ,240,40,Wood charcoal ,shcal20,Te Niu,Residential,2b,_,Mulrooney 2013
"Test unit 107, Hiva Hiva Lava Flow",Beta-238582 ,490,40,Carbonized nutshell ,shcal20,Hiva Hiva,Residential,1c,_,Mulrooney 2013
Viri o Tuki ,GrA-25872 ,410,35,Wood charcoal ,shcal20,Viri o Tuki,Residential,2b,mulrooney classifies these as 'manufacturing',Mulrooney 2013
Site 15-233,Beta-254391 ,110,40,Wood charcoal e identified ,shcal20,Hiva Hiva,Agricultural,1c,Not in Lima et al.,Mulrooney 2013
Site 6-357,Beta-337739,580,30,Chicken bone (femur),Bone,Site 6-357,Residential,1b,Has marine component. Not in Lima et al.,Stevenson et al. 2019
Site 6-357,Beta-333740,200,30,Chicken bone (femur),Bone,Site 6-357,Residential,1b,Has marine component. Not in Lima et al.,Stevenson et al. 2019
Site 6-357,UGa-37491,170,20,Charcoal (grass stem),shcal20,Site 6-357,Residential,1b,Not in Lima et al.,Stevenson et al. 2019
Site 6-357,UGa-37492,170,20,Charcoal (grass stem),shcal20,Site 6-357,Residential,1b,Not in Lima et al.,Stevenson et al. 2019
Statue No. 156,Beta-447618,350,30,Ipomoea batatas,shcal20,Rano Raraku,Ceremonial,1c,Not in Lima et al.,Sherwood et al. 2019
Statue No. 156,Beta-410767,390,30,indeterminate hardwood,shcal20,Rano Raraku,Ceremonial,1c,Not in Lima et al.,Sherwood et al. 2019
Statue No. 156,Beta-410768,280,30,indeterminate hardwood,shcal20,Rano Raraku,Ceremonial,1c,Not in Lima et al.,Sherwood et al. 2019
Statue No. 156,Beta-410634,380,30,Broussonetia papyrifera paper,shcal20,Rano Raraku,Ceremonial,1c,Not in Lima et al.,Sherwood et al. 2019
Statue No. 156,Beta-410769,220,30,indeterminate hardwood,shcal20,Rano Raraku,Ceremonial,1c,Not in Lima et al.,Sherwood et al. 2019
Statue No. 156,Beta-410770,390,30,indeterminate hardwood,shcal20,Rano Raraku,Ceremonial,1c,Not in Lima et al.,Sherwood et al. 2019
Statue No. 156,Beta-410635,400,30,Broussonetia papyrifera paper,shcal20,Rano Raraku,Ceremonial,1c,Not in Lima et al.,Sherwood et al. 2019
Statue No. 156,Beta-410771,370,30,indeterminate hardwood,shcal20,Rano Raraku,Ceremonial,1c,Not in Lima et al.,Sherwood et al. 2019
Statue No. 156,Beta-410636,370,30,Broussonetia papyrifera paper,shcal20,Rano Raraku,Ceremonial,1c,Not in Lima et al.,Sherwood et al. 2019
Statue No. 156,Beta-410637,360,30,Broussonetia papyrifera paper,shcal20,Rano Raraku,Ceremonial,1c,Not in Lima et al.,Sherwood et al. 2019
Statue No. 156,Beta-410638,380,30,Broussonetia papyrifera paper,shcal20,Rano Raraku,Ceremonial,1c,Not in Lima et al.,Sherwood et al. 2019
Statue No. 156,Beta-412398,360,30,Broussonetia papyrifera,shcal20,Rano Raraku,Ceremonial,1c,Not in Lima et al.,Sherwood et al. 2019
Statue No. 156,Beta-412399,240,30,Broussonetia papyrifera,shcal20,Rano Raraku,Ceremonial,1c,Not in Lima et al.,Sherwood et al. 2019
Statue No. 156,Beta-410772,100,30,indeterminate hardwood,shcal20,Rano Raraku,Ceremonial,1c,Not in Lima et al.,Sherwood et al. 2019
Statue No. 156,Beta-410773,340,30,indeterminate hardwood,shcal20,Rano Raraku,Ceremonial,1c,Not in Lima et al.,Sherwood et al. 2019
Statue No. 156,Beta-410774,90,30,cf. Broussonetia papyrifera,shcal20,Rano Raraku,Ceremonial,1c,Not in Lima et al.,Sherwood et al. 2019
Statue No. 156,Beta-412400,260,30,Broussonetia,shcal20,Rano Raraku,Ceremonial,1c,Not in Lima et al.,Sherwood et al. 2019
Statue No. 156,Beta-412401,260,30,Broussonetia,shcal20,Rano Raraku,Ceremonial,1c,Not in Lima et al.,Sherwood et al. 2019
Statue No. 156,Beta-412402,150,30,Broussonetia,shcal20,Rano Raraku,Ceremonial,1c,Not in Lima et al.,Sherwood et al. 2019
Statue No. 156,Beta-412403,50,30,Broussonetia,shcal20,Rano Raraku,Ceremonial,1c,Not in Lima et al.,Sherwood et al. 2019
Anakena settlement ,UGa-20801,490,25,Human rib fragment,Bone,Anakena,Burial,1b,Not in Lima et al.,Jarman et al. 2017
Anakena settlement ,UGa-20802,440,25,Human rib fragment,Bone,Anakena,Burial,1b,Not in Lima et al.,Jarman et al. 2017
Anakena settlement ,UGa-20803,110,25,Human rib fragment,Bone,Anakena,Burial,1b,Not in Lima et al.,Jarman et al. 2017